<?xml version="1.0" encoding="UTF-8"?>

<!-- <?xml-stylesheet type="text/xsl" href="names.xsl" ?> -->

<!--  <?xml-stylesheet type="text/xsl" href="landspeed.xsl" ?> -->
<!--<?xml-stylesheet type="text/xsl" href="accel.xsl" ?> -->
<?xml-stylesheet type="text/xsl" href="landspeed Aditi.xsl" ?> 
<!--<?xml-stylesheet type="text/xsl" href="landspeed_Em.xsl" ?> -->

<!DOCTYPE mariokart SYSTEM "mariokart.dtd">

<mariokart>
    <characters>
        <character>
            <name>Baby Peach</name>
            <speed>
                <land>2.25</land>
                <anti-g>2</anti-g>
                <water>2.5</water>
                <air>2.75</air>
            </speed>
            <accel>4</accel>
            <weight>2</weight>
            <handling>
                <land>5</land>
                <anti-g>5</anti-g>
                <water>4.5</water>
                <air>5</air>
            </handling>
            <traction>4.25</traction>
            <M-turbo>4</M-turbo>
        </character>
        <character>
            <name>Baby Rosalina</name>
            <speed>
                <land>2.25</land>
                <anti-g>2</anti-g>
                <water>2.5</water>
                <air>2.75</air>
            </speed>
            <accel>4.25</accel>
            <weight>2</weight>
            <handling>
                <land>4.75</land>
                <anti-g>4.75</anti-g>
                <water>4.25</water>
                <air>4.75</air>
            </handling>
            <traction>3.75</traction>
            <M-turbo>4</M-turbo>
        </character>
        <character>
            <name>Baby Mario</name>
            <speed>
                <land>2.5</land>
                <anti-g>2.25</anti-g>
                <water>2.75</water>
                <air>3</air>
            </speed>
            <accel>4.25</accel>
            <weight>2.25</weight>
            <handling>
                <land>4.5</land>
                <anti-g>4.5</anti-g>
                <water>4</water>
                <air>4.5</air>
            </handling>
            <traction>4</traction>
            <M-turbo>3.75</M-turbo>
        </character>
        <character>
            <name>Toadette</name>
            <speed>
                <land>2.75</land>
                <anti-g>2.5</anti-g>
                <water>3</water>
                <air>3.25</air>
            </speed>
            <accel>4.25</accel>
            <weight>2.5</weight>
            <handling>
                <land>4.25</land>
                <anti-g>4.25</anti-g>
                <water>3.75</water>
                <air>4.25</air>
            </handling>
            <traction>3.5</traction>
            <M-turbo>3.75</M-turbo>
        </character>
        <character>
            <name>Koopa Troopa</name>
            <speed>
                <land>2.75</land>
                <anti-g>2.5</anti-g>
                <water>3</water>
                <air>3.25</air>
            </speed>
            <accel>4</accel>
            <weight>2.5</weight>
            <handling>
                <land>4.5</land>
                <anti-g>4.5</anti-g>
                <water>4</water>
                <air>4.5</air>
            </handling>
            <traction>4.25</traction>
            <M-turbo>3.75</M-turbo>
        </character>
        <character>
            <name>Toad</name>
            <speed>
                <land>3</land>
                <anti-g>2.75</anti-g>
                <water>3.25</water>
                <air>3.5</air>
            </speed>
            <accel>4</accel>
            <weight>2.75</weight>
            <handling>
                <land>4.25</land>
                <anti-g>4.25</anti-g>
                <water>3.75</water>
                <air>4.25</air>
            </handling>
            <traction>4</traction>
            <M-turbo>3.5</M-turbo>
        </character>
        <character>
            <name>Cat Peach</name>
            <speed>
                <land>3.25</land>
                <anti-g>3</anti-g>
                <water>3.5</water>
                <air>3.75</air>
            </speed>
            <accel>4</accel>
            <weight>2.75</weight>
            <handling>
                <land>4</land>
                <anti-g>4</anti-g>
                <water>3.5</water>
                <air>4</air>
            </handling>
            <traction>3.75</traction>
            <M-turbo>3.5</M-turbo>
        </character>
        <character>
            <name>Peach</name>
            <speed>
                <land>3.5</land>
                <anti-g>3.25</anti-g>
                <water>3.75</water>
                <air>4</air>
            </speed>
            <accel>3.75</accel>
            <weight>3</weight>
            <handling>
                <land>3.75</land>
                <anti-g>3.75</anti-g>
                <water>3.25</water>
                <air>3.75</air>
            </handling>
            <traction>3.75</traction>
            <M-turbo>3.5</M-turbo>
        </character>
        <character>
            <name>Tanooki Mario</name>
            <speed>
                <land>3.5</land>
                <anti-g>3.25</anti-g>
                <water>3.75</water>
                <air>4</air>
            </speed>
            <accel>3.75</accel>
            <weight>3.25</weight>
            <handling>
                <land>3.75</land>
                <anti-g>3.75</anti-g>
                <water>3.25</water>
                <air>3.75</air>
            </handling>
            <traction>3.25</traction>
            <M-turbo>3.5</M-turbo>
        </character>
        <character>
            <name>Mario</name>
            <speed>
                <land>3.75</land>
                <anti-g>3.5</anti-g>
                <water>4</water>
                <air>4.25</air>
            </speed>
            <accel>3.5</accel>
            <weight>3.5</weight>
            <handling>
                <land>3.5</land>
                <anti-g>3.5</anti-g>
                <water>3</water>
                <air>3.5</air>
            </handling>
            <traction>3.5</traction>
            <M-turbo>3.25</M-turbo>
        </character>
        <character>
            <name>Luigi</name>
            <speed>
                <land>3.75</land>
                <anti-g>3.5</anti-g>
                <water>4</water>
                <air>4.25</air>
            </speed>
            <accel>3.5</accel>
            <weight>3.5</weight>
            <handling>
                <land>3.75</land>
                <anti-g>3.75</anti-g>
                <water>3.25</water>
                <air>3.75</air>
            </handling>
            <traction>3.25</traction>
            <M-turbo>3.25</M-turbo>
        </character>
        <character>
            <name>Rosalina</name>
            <speed>
                <land>4</land>
                <anti-g>3.75</anti-g>
                <water>4.25</water>
                <air>4.5</air>
            </speed>
            <accel>3.25</accel>
            <weight>3.75</weight>
            <handling>
                <land>3.25</land>
                <anti-g>3.25</anti-g>
                <water>2.75</water>
                <air>3.25</air>
            </handling>
            <traction>3.75</traction>
            <M-turbo>3.25</M-turbo>
        </character>
        <character>
            <name>Metal Mario</name>
            <speed>
                <land>4.25</land>
                <anti-g>4</anti-g>
                <water>4.5</water>
                <air>4.75</air>
            </speed>
            <accel>3.25</accel>
            <weight>4.5</weight>
            <handling>
                <land>3.25</land>
                <anti-g>3.25</anti-g>
                <water>2.75</water>
                <air>3.25</air>
            </handling>
            <traction>3.25</traction>
            <M-turbo>3</M-turbo>
        </character>
        <character>
            <name>Waluigi</name>
            <speed>
                <land>4.5</land>
                <anti-g>4.25</anti-g>
                <water>4.75</water>
                <air>5</air>
            </speed>
            <accel>3.25</accel>
            <weight>4</weight>
            <handling>
                <land>3</land>
                <anti-g>3</anti-g>
                <water>2.5</water>
                <air>3</air>
            </handling>
            <traction>3</traction>
            <M-turbo>3</M-turbo>
        </character>
        <character>
            <name>Wario</name>
            <speed>
                <land>4.75</land>
                <anti-g>4.5</anti-g>
                <water>5</water>
                <air>5.25</air>
            </speed>
            <accel>3</accel>
            <weight>4.25</weight>
            <handling>
                <land>2.75</land>
                <anti-g>2.75</anti-g>
                <water>2.25</water>
                <air>2.75</air>
            </handling>
            <traction>3.25</traction>
            <M-turbo>2.75</M-turbo>
        </character>
        <character>
            <name>Bowser</name>
            <speed>
                <land>4.75</land>
                <anti-g>4.5</anti-g>
                <water>5</water>
                <air>5.25</air>
            </speed>
            <accel>3</accel>
            <weight>4.5</weight>
            <handling>
                <land>2.5</land>
                <anti-g>2.5</anti-g>
                <water>2</water>
                <air>2.5</air>
            </handling>
            <traction>3</traction>
            <M-turbo>2.75</M-turbo>
        </character>
    </characters>

    <bodies>
        <body>
            <name>Standard Kart</name>
            <speed>
                <land>0</land>
                <anti-g>0</anti-g>
                <water>0</water>
                <air>0</air>
            </speed>
            <accel>0</accel>
            <weight>0</weight>
            <handling>
                <land>0</land>
                <anti-g>0</anti-g>
                <water>0</water>
                <air>0</air>
            </handling>
            <traction>0</traction>
            <M-turbo>0</M-turbo>
        </body>
        <body>
            <name>Pipe Frame</name>
            <speed>
                <land>-0.5</land>
                <anti-g>-0.5</anti-g>
                <water>0</water>
                <air>-0.5</air>
            </speed>
            <accel>0.5</accel>
            <weight>-0.25</weight>
            <handling>
                <land>0.5</land>
                <anti-g>0.25</anti-g>
                <water>0.5</water>
                <air>-0.25</air>
            </handling>
            <traction>0.25</traction>
            <M-turbo>0.5</M-turbo>
        </body>
        <body>
            <name>Mach 8</name>
            <speed>
                <land>0</land>
                <anti-g>0.5</anti-g>
                <water>0</water>
                <air>0.25</air>
            </speed>
            <accel>-0.25</accel>
            <weight>0.25</weight>
            <handling>
                <land>-0.25</land>
                <anti-g>0.25</anti-g>
                <water>0</water>
                <air>-0.25</air>
            </handling>
            <traction>0.25</traction>
            <M-turbo>0</M-turbo>
        </body>
        <body>
            <name>Steel Driver</name>
            <speed>
                <land>0.25</land>
                <anti-g>-0.25</anti-g>
                <water>0.5</water>
                <air>-0.75</air>
            </speed>
            <accel>-0.75</accel>
            <weight>0.5</weight>
            <handling>
                <land>-0.5</land>
                <anti-g>-0.5</anti-g>
                <water>0.75</water>
                <air>-0.5</air>
            </handling>
            <traction>0</traction>
            <M-turbo>-0.5</M-turbo>
        </body>
        <body>
            <name>Cat Cruiser</name>
            <speed>
                <land>-0.25</land>
                <anti-g>0</anti-g>
                <water>-0.25</water>
                <air>0.25</air>
            </speed>
            <accel>0.25</accel>
            <weight>0</weight>
            <handling>
                <land>0.25</land>
                <anti-g>0</anti-g>
                <water>0</water>
                <air>0.25</air>
            </handling>
            <traction>0</traction>
            <M-turbo>0.25</M-turbo>
        </body>
        <body>
            <name>Circuit Special</name>
            <speed>
                <land>0.5</land>
                <anti-g>0.25</anti-g>
                <water>-0.5</water>
                <air>-0.25</air>
            </speed>
            <accel>-0.75</accel>
            <weight>0.25</weight>
            <handling>
                <land>-0.5</land>
                <anti-g>-0.25</anti-g>
                <water>-0.25</water>
                <air>-0.75</air>
            </handling>
            <traction>-0.5</traction>
            <M-turbo>-0.75</M-turbo>
        </body>
        <body>
            <name>Badwagon</name>
            <speed>
                <land>0.5</land>
                <anti-g>0</anti-g>
                <water>-0.25</water>
                <air>-0.5</air>
            </speed>
            <accel>-1</accel>
            <weight>0.5</weight>
            <handling>
                <land>-0.75</land>
                <anti-g>-0.5</anti-g>
                <water>-0.25</water>
                <air>-0.75</air>
            </handling>
            <traction>0.5</traction>
            <M-turbo>-1</M-turbo>
        </body>
        <body>
            <name>Prancer</name>
            <speed>
                <land>0.25</land>
                <anti-g>0</anti-g>
                <water>0</water>
                <air>0</air>
            </speed>
            <accel>-0.5</accel>
            <weight>-0.25</weight>
            <handling>
                <land>0</land>
                <anti-g>-0.25</anti-g>
                <water>0.25</water>
                <air>0</air>
            </handling>
            <traction>-0.25</traction>
            <M-turbo>-0.25</M-turbo>
        </body>
        <body>
            <name>Biddybuggy</name>
            <speed>
                <land>-0.75</land>
                <anti-g>-0.25</anti-g>
                <water>-0.5</water>
                <air>-0.5</air>
            </speed>
            <accel>0.75</accel>
            <weight>-0.5</weight>
            <handling>
                <land>0.5</land>
                <anti-g>0.5</anti-g>
                <water>0.5</water>
                <air>0.25</air>
            </handling>
            <traction>0.25</traction>
            <M-turbo>0.75</M-turbo>
        </body>
        <body>
            <name>Landship</name>
            <speed>
                <land>-0.5</land>
                <anti-g>-0.75</anti-g>
                <water>0.5</water>
                <air>-0.25</air>
            </speed>
            <accel>0.5</accel>
            <weight>-0.5</weight>
            <handling>
                <land>0.25</land>
                <anti-g>-0.25</anti-g>
                <water>0.75</water>
                <air>0</air>
            </handling>
            <traction>0.75</traction>
            <M-turbo>0.5</M-turbo>
        </body>
        <body>
            <name>Sneeker</name>
            <speed>
                <land>0.25</land>
                <anti-g>0</anti-g>
                <water>-0.25</water>
                <air>0</air>
            </speed>
            <accel>-0.5</accel>
            <weight>0</weight>
            <handling>
                <land>0</land>
                <anti-g>0</anti-g>
                <water>0</water>
                <air>-0.25</air>
            </handling>
            <traction>-0.75</traction>
            <M-turbo>-0.25</M-turbo>
        </body>
        <body>
            <name>W 25 Silver Arrow</name>
            <speed>
                <land>-0.25</land>
                <anti-g>0.25</anti-g>
                <water>-0.25</water>
                <air>0</air>
            </speed>
            <accel>0.25</accel>
            <weight>-0.25</weight>
            <handling>
                <land>0.25</land>
                <anti-g>0.25</anti-g>
                <water>0.25</water>
                <air>0</air>
            </handling>
            <traction>0.5</traction>
            <M-turbo>0.25</M-turbo>
        </body>
        <body>
            <name>Blue Falcon</name>
            <speed>
                <land>0.25</land>
                <anti-g>0.25</anti-g>
                <water>-0.25</water>
                <air>0</air>
            </speed>
            <accel>-0.25</accel>
            <weight>-0.5</weight>
            <handling>
                <land>-0.25</land>
                <anti-g>0.5</anti-g>
                <water>0.25</water>
                <air>-0.5</air>
            </handling>
            <traction>0</traction>
            <M-turbo>-0.25</M-turbo>
        </body>
        <body>
            <name>Tanooki Kart</name>
            <speed>
                <land>-0.25</land>
                <anti-g>0</anti-g>
                <water>0.25</water>
                <air>0</air>
            </speed>
            <accel>-0.5</accel>
            <weight>0.25</weight>
            <handling>
                <land>0.25</land>
                <anti-g>0</anti-g>
                <water>0.5</water>
                <air>0</air>
            </handling>
            <traction>1</traction>
            <M-turbo>-0.25</M-turbo>
        </body>
    </bodies>

    <gliders>
        <glider>
            <name>Super Name</name>
            <speed>
                <land>0</land>
                <anti-g>0</anti-g>
                <water>0</water>
                <air>0</air>
            </speed>
            <accel>0</accel>
            <weight>0</weight>
            <handling>
                <land>0</land>
                <anti-g>0</anti-g>
                <water>0</water>
                <air>0</air>
            </handling>
            <traction>0</traction>
            <M-turbo>0</M-turbo>
        </glider>
        <glider>
            <name>Cloud Name</name>
            <speed>
                <land>-0.25</land>
                <anti-g>0.25</anti-g>
                <water>0</water>
                <air>-0.25</air>
            </speed>
            <accel>0.25</accel>
            <weight>-0.25</weight>
            <handling>
                <land>0</land>
                <anti-g>0</anti-g>
                <water>0</water>
                <air>0.25</air>
            </handling>
            <traction>0</traction>
            <M-turbo>0.25</M-turbo>
        </glider>
        <glider>
            <name>Wario Wing</name>
            <speed>
                <land>0</land>
                <anti-g>0.25</anti-g>
                <water>-0.25</water>
                <air>0</air>
            </speed>
            <accel>0</accel>
            <weight>0.25</weight>
            <handling>
                <land>0</land>
                <anti-g>-0.25</anti-g>
                <water>0.25</water>
                <air>0</air>
            </handling>
            <traction>-0.25</traction>
            <M-turbo>0</M-turbo>
        </glider>
        <glider>
            <name>Peach Parasol</name>
            <speed>
                <land>-0.25</land>
                <anti-g>0.25</anti-g>
                <water>-0.25</water>
                <air>-0.25</air>
            </speed>
            <accel>0.25</accel>
            <weight>0</weight>
            <handling>
                <land>0</land>
                <anti-g>-0.25</anti-g>
                <water>0.25</water>
                <air>0.25</air>
            </handling>
            <traction>-0.25</traction>
            <M-turbo>0.25</M-turbo>
        </glider>
    </gliders>

    <tires>
        <tire>
            <name>Standard</name>
            <speed>
                <land>0</land>
                <anti-g>0</anti-g>
                <water>0</water>
                <air>0</air>
            </speed>
            <accel>0</accel>
            <weight>0</weight>
            <handling>
                <land>0</land>
                <anti-g>0</anti-g>
                <water>0</water>
                <air>0</air>
            </handling>
            <traction>0</traction>
            <M-turbo>0</M-turbo>
        </tire>
        <tire>
            <name>Monster</name>
            <speed>
                <land>0</land>
                <anti-g>0</anti-g>
                <water>-0.25</water>
                <air>-0.5</air>
            </speed>
            <accel>-0.5</accel>
            <weight>0.5</weight>
            <handling>
                <land>-0.75</land>
                <anti-g>-0.75</anti-g>
                <water>-0.5</water>
                <air>-0.5</air>
            </handling>
            <traction>0.5</traction>
            <M-turbo>-0.25</M-turbo>
        </tire>
        <tire>
            <name>Roller</name>
            <speed>
                <land>-0.5</land>
                <anti-g>-0.5</anti-g>
                <water>0</water>
                <air>0</air>
            </speed>
            <accel>0.5</accel>
            <weight>-0.5</weight>
            <handling>
                <land>0.25</land>
                <anti-g>0.25</anti-g>
                <water>0.25</water>
                <air>0.25</air>
            </handling>
            <traction>-0.25</traction>
            <M-turbo>0.75</M-turbo>
        </tire>
        <tire>
            <name>Slim</name>
            <speed>
                <land>0.25</land>
                <anti-g>0.5</anti-g>
                <water>-0.25</water>
                <air>-0.25</air>
            </speed>
            <accel>-0.5</accel>
            <weight>0</weight>
            <handling>
                <land>0.25</land>
                <anti-g>0</anti-g>
                <water>0.25</water>
                <air>0.25</air>
            </handling>
            <traction>-1</traction>
            <M-turbo>-0.25</M-turbo>
        </tire>
        <tire>
            <name>Slick</name>
            <speed>
                <land>0.5</land>
                <anti-g>0.5</anti-g>
                <water>-0.75</water>
                <air>-0.75</air>
            </speed>
            <accel>-0.75</accel>
            <weight>0.25</weight>
            <handling>
                <land>-0.25</land>
                <anti-g>-0.25</anti-g>
                <water>-0.75</water>
                <air>-0.5</air>
            </handling>
            <traction>-1.25</traction>
            <M-turbo>-0.75</M-turbo>
        </tire>
        <tire>
            <name>Metal</name>
            <speed>
                <land>0.5</land>
                <anti-g>-0.25</anti-g>
                <water>0</water>
                <air>-0.25</air>
            </speed>
            <accel>-1</accel>
            <weight>0.5</weight>
            <handling>
                <land>-0.25</land>
                <anti-g>-0.5</anti-g>
                <water>-0.25</water>
                <air>-0.75</air>
            </handling>
            <traction>-0.75</traction>
            <M-turbo>-0.75</M-turbo>
        </tire>
        <tire>
            <name>Button</name>
            <speed>
                <land>-0.25</land>
                <anti-g>0</anti-g>
                <water>-0.25</water>
                <air>-0.25</air>
            </speed>
            <accel>0.25</accel>
            <weight>-0.5</weight>
            <handling>
                <land>0</land>
                <anti-g>0.25</anti-g>
                <water>0</water>
                <air>-0.25</air>
            </handling>
            <traction>-0.5</traction>
            <M-turbo>0.5</M-turbo>
        </tire>
        <tire>
            <name>Off-Road</name>
            <speed>
                <land>0.25</land>
                <anti-g>0</anti-g>
                <water>0.25</water>
                <air>-0.5</air>
            </speed>
            <accel>-0.25</accel>
            <weight>0.25</weight>
            <handling>
                <land>-0.5</land>
                <anti-g>-0.25</anti-g>
                <water>-0.5</water>
                <air>-0.5</air>
            </handling>
            <traction>0.25</traction>
            <M-turbo>-0.5</M-turbo>
        </tire>
        <tire>
            <name>Sponge</name>
            <speed>
                <land>-0.25</land>
                <anti-g>-0.25</anti-g>
                <water>-0.5</water>
                <air>0.25</air>
            </speed>
            <accel>0</accel>
            <weight>-0.25</weight>
            <handling>
                <land>-0.25</land>
                <anti-g>0</anti-g>
                <water>-0.5</water>
                <air>0</air>
            </handling>
            <traction>0.25</traction>
            <M-turbo>0.25</M-turbo>
        </tire>
    </tires>

</mariokart>
